Order,Weight
0.0,0.9995149374008179
1.0,2.5930448828148656e-05
2.0,9.23110346775502e-05
3.0,2.8166890842840075e-05
4.0,0.000338569690939039
